{"cookies":[{"name":"CookieConsentPolicy","value":"0:0","domain":"login.salesforce.com","path":"/","expires":1754206747.227352,"httpOnly":false,"secure":true,"sameSite":"Lax"},{"name":"LSKey-c$CookieConsentPolicy","value":"0:0","domain":"login.salesforce.com","path":"/","expires":1754206747.227568,"httpOnly":false,"secure":true,"sameSite":"Lax"},{"name":"BrowserId","value":"deQgpVFrEe-QgWtNKY6X4w","domain":".salesforce.com","path":"/","expires":1754206747.22761,"httpOnly":false,"secure":true,"sameSite":"Lax"},{"name":"session","value":"1722670748371","domain":"login.salesforce.com","path":"/","expires":-1,"httpOnly":false,"secure":true,"sameSite":"None"},{"name":"inst","value":"APP_J4","domain":".salesforce.com","path":"/","expires":-1,"httpOnly":false,"secure":true,"sameSite":"Lax"},{"name":"rememberUn","value":"false","domain":".salesforce.com","path":"/","expires":1727854749.040027,"httpOnly":false,"secure":true,"sameSite":"Lax"},{"name":"com.salesforce.LocaleInfo","value":"in","domain":".salesforce.com","path":"/","expires":1727854749.040144,"httpOnly":false,"secure":true,"sameSite":"Lax"},{"name":"oinfo","value":"c3RhdHVzPUZSRUUmdHlwZT0zJm9pZD0wMEQ1ajAwMDAwQzhwTE8=","domain":".salesforce.com","path":"/","expires":1727854749.040192,"httpOnly":false,"secure":true,"sameSite":"Lax"},{"name":"webact","value":"%7B%22l_vdays%22%3A-1%2C%22l_visit%22%3A0%2C%22session%22%3A1722670749519%2C%22l_search%22%3A%22%22%2C%22l_dtype%22%3A%22%22%2C%22l_page%22%3A%22%22%2C%22l_page_url%22%3A%22%22%2C%22counter%22%3A0%2C%22pv%22%3A0%2C%22f_visit%22%3A1722670749519%2C%22developer%22%3A1722670749519%7D","domain":".salesforce.com","path":"/","expires":1754206748,"httpOnly":false,"secure":false,"sameSite":"Lax"},{"name":"CookieConsentPolicy","value":"0:1","domain":"testleaf30-dev-ed.develop.my.salesforce.com","path":"/","expires":1754206750.103738,"httpOnly":false,"secure":true,"sameSite":"None"},{"name":"LSKey-c$CookieConsentPolicy","value":"0:1","domain":"testleaf30-dev-ed.develop.my.salesforce.com","path":"/","expires":1754206750.104113,"httpOnly":false,"secure":true,"sameSite":"None"},{"name":"sfdc_lv2","value":"KxG83HQNR1dfzZGvqjyshWsArdPKq2POyjibaH768So2iiLsYqUmZ67M+d0xujYgU=","domain":".salesforce.com","path":"/","expires":1754206750.104666,"httpOnly":false,"secure":true,"sameSite":"None"},{"name":"disco","value":"J4:00D5j00000C8pLO:0055j0000080rEb:3","domain":".salesforce.com","path":"/","expires":-1,"httpOnly":false,"secure":true,"sameSite":"None"},{"name":"autocomplete","value":"1","domain":".salesforce.com","path":"/","expires":1727854750.104945,"httpOnly":false,"secure":true,"sameSite":"None"},{"name":"sid","value":"00D5j00000C8pLO!ARoAQE4W5xpTQ90CCBjSEOFq7aggsXIUKnkQxrN64JJvwpuRkX2qIywG7GXmfPP1dNOU4c2LaWV33kWTBHeJ_kPOJWRZPhOF","domain":"testleaf30-dev-ed.develop.my.salesforce.com","path":"/","expires":-1,"httpOnly":false,"secure":true,"sameSite":"None"},{"name":"sid_Client","value":"j0000080rEbj00000C8pLO","domain":"testleaf30-dev-ed.develop.my.salesforce.com","path":"/","expires":-1,"httpOnly":false,"secure":true,"sameSite":"None"},{"name":"clientSrc","value":"27.62.134.52","domain":"testleaf30-dev-ed.develop.my.salesforce.com","path":"/","expires":-1,"httpOnly":false,"secure":true,"sameSite":"None"},{"name":"oid","value":"00D5j00000C8pLO","domain":"testleaf30-dev-ed.develop.my.salesforce.com","path":"/","expires":1754206750.105506,"httpOnly":false,"secure":true,"sameSite":"None"},{"name":"CookieConsentPolicy","value":"0:1","domain":"testleaf30-dev-ed.develop.file.force.com","path":"/","expires":1754206751.000193,"httpOnly":false,"secure":true,"sameSite":"None"},{"name":"LSKey-c$CookieConsentPolicy","value":"0:1","domain":"testleaf30-dev-ed.develop.file.force.com","path":"/","expires":1754206751.000452,"httpOnly":false,"secure":true,"sameSite":"None"},{"name":"BrowserId","value":"d90xilFrEe-MSW3S0S4kZA","domain":".force.com","path":"/","expires":1754206751.000512,"httpOnly":false,"secure":true,"sameSite":"Lax"},{"name":"sid","value":"00D5j00000C8pLO!ARoAQFwoxnIkT57IcUsbhkbUyluuVfTIv_4jvW_r18P0qN8w7k9IIVZFwEZKHfT09.QHw0rLs_HYKWsTpFepGkzhkt1vtPSz","domain":"testleaf30-dev-ed.develop.file.force.com","path":"/","expires":-1,"httpOnly":false,"secure":true,"sameSite":"None"},{"name":"sid_Client","value":"j0000080rEbj00000C8pLO","domain":"testleaf30-dev-ed.develop.file.force.com","path":"/","expires":-1,"httpOnly":false,"secure":true,"sameSite":"None"},{"name":"clientSrc","value":"27.62.134.52","domain":"testleaf30-dev-ed.develop.file.force.com","path":"/","expires":-1,"httpOnly":false,"secure":true,"sameSite":"None"},{"name":"inst","value":"APP_J4","domain":".force.com","path":"/","expires":-1,"httpOnly":false,"secure":true,"sameSite":"None"}],"origins":[]}