{
  "cookies": [
    {
      "name": "CookieConsentPolicy",
      "value": "0:0",
      "domain": "login.salesforce.com",
      "path": "/",
      "expires": 1754206747.227352,
      "httpOnly": false,
      "secure": true,
      "sameSite": "Lax"
    },
    {
      "name": "LSKey-c$CookieConsentPolicy",
      "value": "0:0",
      "domain": "login.salesforce.com",
      "path": "/",
      "expires": 1754206747.227568,
      "httpOnly": false,
      "secure": true,
      "sameSite": "Lax"
    },
    {
      "name": "BrowserId",
      "value": "deQgpVFrEe-QgWtNKY6X4w",
      "domain": ".salesforce.com",
      "path": "/",
      "expires": 1754206747.22761,
      "httpOnly": false,
      "secure": true,
      "sameSite": "Lax"
    },
    {
      "name": "session",
      "value": "1722670748371",
      "domain": "login.salesforce.com",
      "path": "/",
      "expires": -1,
      "httpOnly": false,
      "secure": true,
      "sameSite": "None"
    },
    {
      "name": "inst",
      "value": "APP_J4",
      "domain": ".salesforce.com",
      "path": "/",
      "expires": -1,
      "httpOnly": false,
      "secure": true,
      "sameSite": "Lax"
    },
    {
      "name": "rememberUn",
      "value": "false",
      "domain": ".salesforce.com",
      "path": "/",
      "expires": 1727854761.500968,
      "httpOnly": false,
      "secure": true,
      "sameSite": "Lax"
    },
    {
      "name": "com.salesforce.LocaleInfo",
      "value": "in",
      "domain": ".salesforce.com",
      "path": "/",
      "expires": 1727854761.501251,
      "httpOnly": false,
      "secure": true,
      "sameSite": "Lax"
    },
    {
      "name": "oinfo",
      "value": "c3RhdHVzPUZSRUUmdHlwZT0zJm9pZD0wMEQ1ajAwMDAwQzhwTE8=",
      "domain": ".salesforce.com",
      "path": "/",
      "expires": 1727854761.501387,
      "httpOnly": false,
      "secure": true,
      "sameSite": "Lax"
    },
    {
      "name": "CookieConsentPolicy",
      "value": "0:1",
      "domain": "testleaf30-dev-ed.develop.my.salesforce.com",
      "path": "/",
      "expires": 1754206750.103738,
      "httpOnly": false,
      "secure": true,
      "sameSite": "None"
    },
    {
      "name": "LSKey-c$CookieConsentPolicy",
      "value": "0:1",
      "domain": "testleaf30-dev-ed.develop.my.salesforce.com",
      "path": "/",
      "expires": 1754206750.104113,
      "httpOnly": false,
      "secure": true,
      "sameSite": "None"
    },
    {
      "name": "disco",
      "value": "J4:00D5j00000C8pLO:0055j0000080rEb:3",
      "domain": ".salesforce.com",
      "path": "/",
      "expires": -1,
      "httpOnly": false,
      "secure": true,
      "sameSite": "None"
    },
    {
      "name": "autocomplete",
      "value": "1",
      "domain": ".salesforce.com",
      "path": "/",
      "expires": 1727854762.860868,
      "httpOnly": false,
      "secure": true,
      "sameSite": "None"
    },
    {
      "name": "sid_Client",
      "value": "j0000080rEbj00000C8pLO",
      "domain": "testleaf30-dev-ed.develop.my.salesforce.com",
      "path": "/",
      "expires": -1,
      "httpOnly": false,
      "secure": true,
      "sameSite": "None"
    },
    {
      "name": "clientSrc",
      "value": "27.62.134.52",
      "domain": "testleaf30-dev-ed.develop.my.salesforce.com",
      "path": "/",
      "expires": -1,
      "httpOnly": false,
      "secure": true,
      "sameSite": "None"
    },
    {
      "name": "oid",
      "value": "00D5j00000C8pLO",
      "domain": "testleaf30-dev-ed.develop.my.salesforce.com",
      "path": "/",
      "expires": 1754206762.861068,
      "httpOnly": false,
      "secure": true,
      "sameSite": "None"
    },
    {
      "name": "CookieConsentPolicy",
      "value": "0:1",
      "domain": "testleaf30-dev-ed.develop.file.force.com",
      "path": "/",
      "expires": 1754206751.000193,
      "httpOnly": false,
      "secure": true,
      "sameSite": "None"
    },
    {
      "name": "LSKey-c$CookieConsentPolicy",
      "value": "0:1",
      "domain": "testleaf30-dev-ed.develop.file.force.com",
      "path": "/",
      "expires": 1754206751.000452,
      "httpOnly": false,
      "secure": true,
      "sameSite": "None"
    },
    {
      "name": "BrowserId",
      "value": "d90xilFrEe-MSW3S0S4kZA",
      "domain": ".force.com",
      "path": "/",
      "expires": 1754206751.000512,
      "httpOnly": false,
      "secure": true,
      "sameSite": "Lax"
    },
    {
      "name": "sid_Client",
      "value": "j0000080rEbj00000C8pLO",
      "domain": "testleaf30-dev-ed.develop.file.force.com",
      "path": "/",
      "expires": -1,
      "httpOnly": false,
      "secure": true,
      "sameSite": "None"
    },
    {
      "name": "clientSrc",
      "value": "27.62.134.52",
      "domain": "testleaf30-dev-ed.develop.file.force.com",
      "path": "/",
      "expires": -1,
      "httpOnly": false,
      "secure": true,
      "sameSite": "None"
    },
    {
      "name": "inst",
      "value": "APP_J4",
      "domain": ".force.com",
      "path": "/",
      "expires": -1,
      "httpOnly": false,
      "secure": true,
      "sameSite": "None"
    },
    {
      "name": "webact",
      "value": "%7B%22l_vdays%22%3A-1%2C%22l_visit%22%3A0%2C%22session%22%3A1722670760462%2C%22l_search%22%3A%22%22%2C%22l_dtype%22%3A%22%22%2C%22l_page%22%3A%22SFDC%3Ain%3Alogin%3Adeveloper%22%2C%22l_page_url%22%3A%22https%3A%2F%2Fc.salesforce.com%2Flogin-messages%2Fin%2Fpromos.html%22%2C%22counter%22%3A0%2C%22pv%22%3A1%2C%22f_visit%22%3A1722670749519%2C%22developer%22%3A1722670749519%2C%22seg%22%3A%22non-customer%3Ain%22%7D",
      "domain": ".salesforce.com",
      "path": "/",
      "expires": 1754206760,
      "httpOnly": false,
      "secure": true,
      "sameSite": "Lax"
    },
    {
      "name": "gtm_session_start",
      "value": "1722670762680",
      "domain": "c.salesforce.com",
      "path": "/",
      "expires": 1722672562,
      "httpOnly": false,
      "secure": false,
      "sameSite": "Lax"
    },
    {
      "name": "79eb100099b9a8bf",
      "value": "3:false:.salesforce.com",
      "domain": ".salesforce.com",
      "path": "/",
      "expires": -1,
      "httpOnly": false,
      "secure": true,
      "sameSite": "None"
    },
    {
      "name": "sfdc_lv2",
      "value": "KxG83HZA+qIsPX+wkjnxxRdu5gJM4w77qPMI8BWvO4jFuS8kFhV5DuqQb0SKD/e9E=",
      "domain": ".salesforce.com",
      "path": "/",
      "expires": 1754206762.860774,
      "httpOnly": false,
      "secure": true,
      "sameSite": "None"
    },
    {
      "name": "sid",
      "value": "00D5j00000C8pLO!ARoAQBOLsYziXJzc0_pe1OrLAxFBMvscM3UzwLfdPDIPMpzgtRJfPvTjA14wl9COmpOgK2.JUC_gv_HGaaFyIWmsqQ5tUCHr",
      "domain": "testleaf30-dev-ed.develop.my.salesforce.com",
      "path": "/",
      "expires": -1,
      "httpOnly": false,
      "secure": true,
      "sameSite": "None"
    },
    {
      "name": "sfdcConsent",
      "value": "1,3,4",
      "domain": ".salesforce.com",
      "path": "/",
      "expires": 1754206763,
      "httpOnly": false,
      "secure": false,
      "sameSite": "Lax"
    },
    {
      "name": "OptanonConsent",
      "value": "isGpcEnabled=0&datestamp=Sat+Aug+03+2024+13%3A09%3A23+GMT%2B0530+(India+Standard+Time)&version=202401.2.0&browserGpcFlag=0&isIABGlobal=false&hosts=&consentId=7137a85a-01d2-4ac1-840a-abe074a63823&interactionCount=0&landingPath=https%3A%2F%2Fc.salesforce.com%2Flogin-messages%2Fin%2Fpromos.html&groups=1%3A1%2C3%3A1%2C4%3A1",
      "domain": ".salesforce.com",
      "path": "/",
      "expires": 1754206763,
      "httpOnly": false,
      "secure": false,
      "sameSite": "Lax"
    },
    {
      "name": "sid",
      "value": "00D5j00000C8pLO!ARoAQJ2_CcqXi2pCliSzDmgX6b_MNuEH2h7MpZnOZvDn161hSzctzgoxIs04VkmW9.obIsxCTWyU.QG7dJrInxsdvSMKrGKT",
      "domain": "testleaf30-dev-ed.develop.file.force.com",
      "path": "/",
      "expires": -1,
      "httpOnly": false,
      "secure": true,
      "sameSite": "None"
    }
  ],
  "origins": [
    {
      "origin": "https://c.salesforce.com",
      "localStorage": [
        {
          "name": "webactls",
          "value": "{\"kxsfdc\":{\"segs\":\"\"},\"l_cloud\":\"No Cloud\"}"
        }
      ]
    }
  ]
}